ASV020,FML
ASV041,LNSL
ASV051,PRL
ASV052,LNSL
ASV055,LNSL
ASV070,FML
ASV071,PRL
ASV075,FML
ASV076,FML
ASV088,FML
ASV093,FML
ASV094,FML
ASV118,FML
ASV119,LNSL
ASV120,PRL
ASV124,PRL
ASV125,FML
ASV126,PRL
ASV133,FML
ASV145,FML
ASV149,FML
ASV150,FML
ASV159,PRL
ASV170,FML
ASV171,UNL
ASV175,FML
ASV002_0,PRL
ASV002_1,LNSL
ASV002_2,FML
ASV002_3,UNL
ASV005_0,FML
ASV005_1,UNL
ASV005_2,LNSL
ASV005_3,PRL
ASV008_0,LNSL
ASV008_1,UNL
ASV008_2,PRL
ASV008_3,FML
ASV011_0,FML
ASV011_1,UNL
ASV011_2,LNSL
ASV011_3,PRL
ASV021_0,FML
ASV021_1,PRL
ASV021_2,UNL
ASV021_3,LNSL
ASV028_0,LNSL
ASV028_1,PRL
ASV037_0,FML
ASV037_1,UNL
ASV037_2,PRL
ASV037_3,LNSL
ASV046_0,FML
ASV046_1,UNL
ASV046_2,PRL
ASV049_0,PRL
ASV049_1,FML
ASV050_0,FML
ASV050_1,LNSL
ASV056_0,FML
ASV056_1,PRL
ASV061_0,LNSL
ASV061_1,FML
